Video File,Transcript
content/videos/3 Body Problem _ Official Trailer _ Netflix.mp4,I must be 30 dead scientists in the past month another countdown has anyone else seen it happened to them someone or something is targeting scientist the gun out of her best and brightest the summer behind everything just have to take whatever is is watching and listening we don't know what they are maybe we can't know what they are do you believe in God you scared you're right to be scared but we have got one shot and I need your help prepare yourself for something very strange things they are coming and there's nothing you can do to stop them
content/videos/The Ministry Of Ungentlemanly Warfare (2024) Official Trailer - Starring Henry Cavill.mp4,gas March Phillips I have a mission I want you to lead thank you Sergeant what's the plan is the German u-boats in the North Atlantic we're losing the war Hitler's not playing by the rules so neither away I'm not very popular with the administration the reason they find you unattractive is the very reason I find you a attractive you won't like them they're all mad don't need to be OK Google I bought this mission now hello can't hear you please do off
"content/videos/MOANA Live Action - Official Trailer (2024) Zendaya, Dwayne Johnson _ Disney .mp4",what Generations this peaceful Island has been home to our family but beyond our reef a great danger is coming Legend tells of a hero Google journey to find the demigod Maui and together they want to save us all do you know who Maui is only the greatest all the Pacific Islands with his magical fish hook he's slowed down the sun will Ireland under the sea monsters and I should know because I'm Maui Maui demigod of the wind and sea hero of man I interrupted from the top you're old man god
content/videos/The Gentlemen _ A new series from Guy Ritchie Official Teaser _ Netflix.mp4,do you know what I admire about the British aristocracy they are the original gangster Santa Claus Who's your daddy your daddy your house a testament to the synthesis of this culture refinement with aggression in
content/videos/Heeramandi_ The Diamond Bazaar _ First Look _ Sanjay Leela Bhansali.mp4,Error: Could not understand audio
content/videos/Avatar_ The Last Airbender _ Official Trailer _ Netflix.mp4,define nation is involved in the dark part in the world might never recovered the world needs the Avatar I need you now destroyed everything in the past if the world is going to have any chance it's going to need aim right there the world is my destiny I'm not someone who can stop the fire nation I don't want the responsibility you don't have to do this one if me Tara and flying ball of her morning the world need you remember what it is we're really fighting for the ones we love and the Avatar and I'm going to save the world with my friends
"content/videos/Millerâ€™s Girl (2024) Official Trailer - Martin Freeman, Jenna Ortega.mp4",what is an adult I'm 18 languishing in the wild nowhere Tennessee you're the first thing he's ever seen in colour who are the adult Chelsea responsibility if she can convince them had something happened between us I can lose my job and your own words how did it start
content/videos/Despicable Me 4 _ Official Trailer.mp4,hello everybody something is missing this guy I know you love your dad go upstairs or with his body language for my revenge group we have to get to the safe house look up the most important part of a house is being aware of potential dangers myself
content/videos/Road House - Official Trailer _ Prime Video.mp4,before we start do you have insurance what your coverage good like you have dental oh haha is there a hospital nearby so you like to fight the same time I suggested I come talk to you I own a Roadhouse out in the Florida Keys lately it's been attracting the wrong clientele I can pay you good money judging by your car you need that I like my car it would doubting guy tell me about the spouses away from me he wants to build some resort I should warn you people have a certain way of getting things done around here hey fellas looks like you're having a smoking I got a tip for you don't let no one get this Close immediate me tell me to get out of town I can see impression that you can't do that one synopsis on the job it's over baby it takes a lot to get me angry but when I am I just can't let go people seem a little aggressive around here no I just broke his arm
content/videos/Griselda _ Official Trailer _ Netflix.mp4,for the last 3 years Griselda Blanco has owned Miami distributing cocaine efficient deadly an incredibly successful there's a lot of women I want to cut her head off by Jessica Miami not to touch you to cook yourself a little more money a little more juice than people get one woman is behind all this for the right card the whole house comes down Imagine Dragons
content/videos/Bridgerton Season 2 _ Official Teaser _ Netflix.mp4,dearest gentle reader did you miss me as the members of Aragon question my identity and means this author has been doing with one thing honing my skills for school no even better I've been sharpening my knives for all of you
content/videos/Gal Gadot and Arnold Schwarzenegger Make Action-Packed Coffee _ Nobody Hits Like Netflix.mp4,Error: Could not understand audio
content/videos/MEGAMIND 2 The Doom Syndicate Trailer (2024).mp4,hello loyal viewers for those who are just joining us that's me Megamind master of all villainies by destiny was to be a superhero Megamind is back I'm kind of a big deal and you're welcome you're awesome it's either a paperweight or a flash grenade so careful with that from DreamWorks animation crime spree or let's have some fun before jumping into evil business time to kick some dooms syndicate booty guessed it was a flash grenade Megamind vs the do syndicate the new film and if you love Megamind as much as he does me is one of my favourite things in the whole wide world keep the phone going with Megamind rules the new series
content/videos/Ricky Stanicky - Official Trailer _ Prime Video.mp4,Error: Could not understand audio
content/videos/Godzilla x Kong _ The New Empire _ Official Trailer.mp4,for most of human civilisation we believed that life could only exist on the surface of our planet what else were we wrong about welcome to my world this world then we could possibly imagine still happening what is that that's not Congress can't stop this on his own he won't be alone OK Google welcome to my world
content/videos/Alexander_ The Making of a God _ Official Trailer _ Netflix.mp4,a war is coming so fast so popular lipstick split the world into parking my father lies dead and the hand of Persia is to blame let's make an example of this boy threaten Persia anyone live to try again you are the son of Zeus bleed your men were Philip never could Conquer Persia and beyond it is your destiny Alexander is ruthless against Darius and the Persians and he sees us the moment and takes decisive actions we do not cover we do not panic I'm coming for you and your throat what Alexander the Great compasses it seems like something out of myth and yet he did it Alexander was the greatest military mind of all time and traces of the real man emerging in Alexandria to better enemies various needs to be purged I will remember who will be victorious who will prevail
content/videos/Spaceman _ Official Trailer _ Netflix.mp4,on behalf of the euro Space Program 189 days into your solo journey commander prohaska how are you feeling what I'm doing is for everyone back home and that makes me very proud and your wife length of course safe and sound is not doing well he misses his wife thinking too much I'm getting an appearance I did not intend to frighten you skinny human do not be afraid I'm losing my mind you wish to know if I am real I am like you my Explorer your loveliness intrigued me are you here I might be of help I wish to assist you and you are emotional distress I don't need your help on YouTube I am simply finding them with you everything that begins must end I'm not allowing that you go when I go and I go when you go I just want to come home
content/videos/1899 _ Official Teaser _ Netflix.mp4,I am wearing Franklin today is October 19th 1899 what else would someone to go somewhere different wake up people are oblivious to reality no I have to do shift their perspective to see the full scope of things
content/videos/Kate and Anthony's Story _ Bridgerton _ Netflix.mp4,Error: Could not request results from Google Speech Recognition service; recognition connection failed: [Errno 32] Broken pipe
